{
  "Total" : {
    "transaction" : "Total",
    "sampleCount" : 1000,
    "errorCount" : 0,
    "errorPct" : 0.0,
    "meanResTime" : 78.04800000000009,
    "medianResTime" : 65.0,
    "minResTime" : 47.0,
    "maxResTime" : 488.0,
    "pct1ResTime" : 175.89999999999998,
    "pct2ResTime" : 203.94999999999993,
    "pct3ResTime" : 220.0,
    "throughput" : 10.010711461263552,
    "receivedKBytesPerSec" : 41.26365406297238,
    "sentKBytesPerSec" : 1.5055171533540888
  },
  "HTTP Request" : {
    "transaction" : "HTTP Request",
    "sampleCount" : 1000,
    "errorCount" : 0,
    "errorPct" : 0.0,
    "meanResTime" : 78.04800000000009,
    "medianResTime" : 65.0,
    "minResTime" : 47.0,
    "maxResTime" : 488.0,
    "pct1ResTime" : 175.89999999999998,
    "pct2ResTime" : 203.94999999999993,
    "pct3ResTime" : 220.0,
    "throughput" : 10.010711461263552,
    "receivedKBytesPerSec" : 41.26365406297238,
    "sentKBytesPerSec" : 1.5055171533540888
  }
}